5.jpg,5
6.jpg,6
7.jpg,7
8.jpg,8
9.jpg,9
10.jpg,10
11.jpg,11
12.jpg,12
13.jpg,13
14.jpg,14
15.jpg,15
16.jpg,16
17.jpg,17
18.jpg,18
19.jpg,19
20.jpg,20
21.jpg,21
22.jpg,22
23.jpg,23
24.jpg,24
25.jpg,25
26.jpg,26
27.jpg,27
28.jpg,28
29.jpg,29
30.jpg,30
31.jpg,31
32.jpg,32
33.jpg,33
34.jpg,34
35.jpg,35
36.jpg,36
37.jpg,37
38.jpg,38
39.jpg,39
40.jpg,40
41.jpg,41
42.jpg,42
43.jpg,43
44.jpg,44
45.jpg,45
46.jpg,46
47.jpg,47
48.jpg,48
49.jpg,49
50.jpg,50
51.jpg,51
52.jpg,52
53.jpg,53
54.jpg,54
55.jpg,55
56.jpg,56
57.jpg,57
58.jpg,58
59.jpg,59
60.jpg,60
61.jpg,61
62.jpg,62
63.jpg,63
64.jpg,64
65.jpg,65
66.jpg,66
67.jpg,67
68.jpg,68
69.jpg,69
70.jpg,70
71.jpg,71
72.jpg,72
73.jpg,73
74.jpg,74
75.jpg,75
76.jpg,76
77.jpg,77
78.jpg,78
79.jpg,79
80.jpg,80
81.jpg,81
82.jpg,82
83.jpg,83
84.jpg,84
85.jpg,85
86.jpg,86
87.jpg,87
88.jpg,88
89.jpg,89
90.jpg,90
91.jpg,91
92.jpg,92
93.jpg,93
94.jpg,94
95.jpg,95
96.jpg,96
97.jpg,97
98.jpg,98
99.jpg,99
